{
    "train_loss": 0.1761584144359165,
    "val_loss": 0.13763857018021705,
    "classification_report": {
        "Negative": {
            "precision": 0.66,
            "recall": 0.6470588235294118,
            "f1-score": 0.6534653465346535,
            "support": 51.0
        },
        "Neutral": {
            "precision": 0.0,
            "recall": 0.0,
            "f1-score": 0.0,
            "support": 49.0
        },
        "Positive": {
            "precision": 0.9661865998747652,
            "recall": 0.9974143503555268,
            "f1-score": 0.9815521628498728,
            "support": 1547.0
        },
        "accuracy": 0.9568913175470553,
        "macro avg": {
            "precision": 0.542062199958255,
            "recall": 0.5481577246283128,
            "f1-score": 0.5450058364615088,
            "support": 1647.0
        },
        "weighted avg": {
            "precision": 0.9279603339442999,
            "recall": 0.9568913175470553,
            "f1-score": 0.9421906063157379,
            "support": 1647.0
        }
    }
}