{
    "train_loss": 0.07313234127940128,
    "val_loss": 0.15685361491977373,
    "classification_report": {
        "Negative": {
            "precision": 0.7428571428571429,
            "recall": 0.5098039215686274,
            "f1-score": 0.6046511627906976,
            "support": 51.0
        },
        "Neutral": {
            "precision": 0.3620689655172414,
            "recall": 0.42857142857142855,
            "f1-score": 0.3925233644859813,
            "support": 49.0
        },
        "Positive": {
            "precision": 0.9794079794079794,
            "recall": 0.9838396897220426,
            "f1-score": 0.981618832634634,
            "support": 1547.0
        },
        "accuracy": 0.9526411657559198,
        "macro avg": {
            "precision": 0.6947780292607879,
            "recall": 0.6407383466206995,
            "f1-score": 0.6595977866371043,
            "support": 1647.0
        },
        "weighted avg": {
            "precision": 0.9537165985064986,
            "recall": 0.9526411657559198,
            "f1-score": 0.9524196649956997,
            "support": 1647.0
        }
    }
}