{
  "accuracy": [
    0.5152998566627502,
    0.5341091156005859,
    0.5400505065917969,
    0.5561199188232422,
    0.5636313557624817,
    0.5678179860115051
  ],
  "loss": [
    0.9823708534240723,
    0.949275553226471,
    0.9401923418045044,
    0.9187225103378296,
    0.9071714282035828,
    0.8920710682868958
  ],
  "val_accuracy": [
    0.8401457071304321,
    0.8478348851203918,
    0.8478348851203918,
    0.8057466745376587,
    0.8429785370826721,
    0.8182922005653381
  ],
  "val_loss": [
    0.876234233379364,
    0.8111787438392639,
    0.7863249778747559,
    0.8139880299568176,
    0.8442240357398987,
    0.7872448563575745
  ],
  "learning_rate": [
    0.0010000000474974513,
    0.0010000000474974513,
    0.0010000000474974513,
    0.0010000000474974513,
    0.0010000000474974513,
    0.00010000000474974513
  ]
}