{
  "accuracy": [
    0.510959267616272,
    0.5332163572311401,
    0.5378955602645874,
    0.539804220199585,
    0.5418975353240967,
    0.5515638589859009,
    0.5532262325286865
  ],
  "loss": [
    0.9814370274543762,
    0.9513030648231506,
    0.9437487125396729,
    0.9373135566711426,
    0.9311032891273499,
    0.917218029499054,
    0.9146804213523865
  ],
  "val_accuracy": [
    0.8365034461021423,
    0.8474301695823669,
    0.8421691656112671,
    0.8385269045829773,
    0.8417644500732422,
    0.8081748485565186,
    0.8077701330184937
  ],
  "val_loss": [
    0.8726975917816162,
    0.7997868657112122,
    0.8984981775283813,
    0.8626136183738708,
    0.8261104226112366,
    0.8360375165939331,
    0.8369647264480591
  ],
  "learning_rate": [
    0.0010000000474974513,
    0.0010000000474974513,
    0.0010000000474974513,
    0.0010000000474974513,
    0.0010000000474974513,
    0.00010000000474974513,
    0.00010000000474974513
  ]
}