{
    "initial_shape": [
        12330,
        6
    ],
    "cleaned_shape": [
        12330,
        6
    ],
    "scaling_method": "StandardScaler",
    "outlier_threshold": 3,
    "components_used": [
        "PC1",
        "PC2",
        "PC3",
        "PC4",
        "PC5",
        "PC6"
    ],
    "variance_explained": {
        "PC1": 0.26572741594628185,
        "PC2": 0.20983041415571435,
        "PC3": 0.13876985820342203,
        "PC4": 0.11471281333778358,
        "PC5": 0.05794286854467123,
        "PC6": 0.05725882324413682
    }
}