{
    "classification_report": {
        "0": {
            "precision": 0.19553072625698323,
            "recall": 0.45454545454545453,
            "f1-score": 0.2734375,
            "support": 77.0
        },
        "1": {
            "precision": 0.059782608695652176,
            "recall": 0.1506849315068493,
            "f1-score": 0.08560311284046693,
            "support": 73.0
        },
        "2": {
            "precision": 0.9663187855787476,
            "recall": 0.8776389487289962,
            "f1-score": 0.9198464664709867,
            "support": 2321.0
        },
        "accuracy": 0.8429785511938487,
        "macro avg": {
            "precision": 0.4072107068437944,
            "recall": 0.49428977826043335,
            "f1-score": 0.4262956931038178,
            "support": 2471.0
        },
        "weighted avg": {
            "precision": 0.9155183721913571,
            "recall": 0.8429785511938487,
            "f1-score": 0.8750576136853557,
            "support": 2471.0
        }
    },
    "confusion_matrix": [
        [
            35,
            13,
            29
        ],
        [
            20,
            11,
            42
        ],
        [
            124,
            160,
            2037
        ]
    ],
    "test_accuracy": 0.8429785511938487,
    "macro_f1": 0.4262956931038178
}