{
    "train_loss": 0.10696960522839008,
    "val_loss": 0.13794511399973292,
    "classification_report": {
        "Negative": {
            "precision": 0.5616438356164384,
            "recall": 0.803921568627451,
            "f1-score": 0.6612903225806451,
            "support": 51.0
        },
        "Neutral": {
            "precision": 0.6666666666666666,
            "recall": 0.08163265306122448,
            "f1-score": 0.14545454545454545,
            "support": 49.0
        },
        "Positive": {
            "precision": 0.9757653061224489,
            "recall": 0.989010989010989,
            "f1-score": 0.9823434991974318,
            "support": 1547.0
        },
        "accuracy": 0.9562841530054644,
        "macro avg": {
            "precision": 0.7346919361351846,
            "recall": 0.6248550702332215,
            "f1-score": 0.5963627890775408,
            "support": 1647.0
        },
        "weighted avg": {
            "precision": 0.9537458596566688,
            "recall": 0.9562841530054644,
            "f1-score": 0.947503626252163,
            "support": 1647.0
        }
    }
}